County_Or_State,2017,Rank_In_State_2018
Alabama,40467,0
Autauga,40450,10
Baldwin,43989,4
Barbour,33048,41
Bibb,29081,66
Blount,33533,43
Bullock,27442,67
Butler,34733,32
Calhoun,35721,26
Chambers,32583,49
Cherokee,33852,39
Chilton,33416,45
Choctaw,36603,17
Clarke,34777,33
Clay,32017,50
Cleburne,34862,35
Coffee,41268,6
Colbert,37073,21
Conecuh,31267,57
Coosa,29926,64
Covington,34393,38
Crenshaw,35823,28
Cullman,38158,16
Dale,35200,29
Dallas,34282,37
DeKalb,30682,62
Elmore,40966,9
Escambia,31641,55
Etowah,35542,27
Fayette,33492,44
Franklin,32422,47
Geneva,33736,42
Greene,31388,60
Hale,35559,30
Henry,38790,12
Houston,40642,8
Jackson,35099,31
Jefferson,52128,1
Lamar,32230,51
Lauderdale,35573,25
Lawrence,32596,48
Lee,36437,23
Limestone,40845,7
Lowndes,39011,18
Macon,31372,56
Madison,49158,3
Marengo,37447,15
Marion,31807,53
Marshall,34579,36
Mobile,36777,22
Monroe,31720,52
Montgomery,42211,5
Morgan,38289,14
Perry,30173,65
Pickens,31233,58
Pike,36140,24
Randolph,31242,59
Russell,32384,54
St. Clair,36993,20
Shelby,51852,2
Sumter,31452,63
Talladega,33282,46
Tallapoosa,38829,11
Tuscaloosa,37157,19
Walker,38482,13
Washington,34882,34
Wilcox,30929,61
Winston,33679,40
,,
Alaska,56794,0
Aleutians East Borough,58210,18
Aleutians West Census Area,52695,20
Anchorage Municipality,63173,10
Bethel Census Area,42134,28
Bristol Bay Borough,125895,1
Denali Borough,78685,3
Dillingham Census Area,58042,15
Fairbanks North Star Borough,53974,19
Haines Borough,62478,9
Hoonah-Angoon Census Area,59277,14
Juneau City and Borough,65784,7
Kenai Peninsula Borough,49697,21
Ketchikan Gateway Borough,65179,8
Kodiak Island Borough,61157,12
Kusilvak Census Area,29838,29
Lake and Peninsula Borough,61219,11
Matanuska-Susitna Borough,44043,26
Nome Census Area,49518,22
North Slope Borough,84340,2
Northwest Arctic Borough,44861,24
Petersburg Borough,66703,6
Prince of Wales-Hyder Census Area,41456,27
Sitka City and Borough,67771,5
Skagway Municipality,76785,4
Southeast Fairbanks Census Area,47449,23
Valdez-Cordova Census Area,59736,13
Wrangell City and Borough,44963,25
Yakutat City and Borough,55783,17
Yukon-Koyukuk Census Area,54874,16
,,
Arizona,42505,0
Apache,33093,10
Cochise,39165,5
Coconino,46662,1
Gila,38524,6
Graham,30233,13
Greenlee,36626,7
La Paz,29750,14
Maricopa,45667,2
Mohave,31742,11
Navajo,31008,12
Pima,42133,3
Pinal,29587,15
Santa Cruz,37395,8
Yavapai,38381,4
Yuma,35049,9
,,
Arkansas,41520,0
Arkansas,43723,4
Ashley,33152,40
Baxter,35617,21
Benton,84658,1
Boone,34263,27
Bradley,37936,10
Calhoun,32803,43
Carroll,33064,48
Chicot,35538,25
Clark,34822,24
Clay,33558,46
Cleburne,36764,13
Cleveland,38630,7
Columbia,36856,12
Conway,36781,15
Craighead,36323,19
Crawford,32042,53
Crittenden,35726,22
Cross,34595,28
Dallas,33118,41
Desha,36384,16
Drew,35696,20
Faulkner,36424,17
Franklin,33010,44
Fulton,27907,69
Garland,38629,9
Grant,37275,14
Greene,33696,38
Hempstead,31369,55
Hot Spring,29686,68
Howard,34387,34
Independence,33882,37
Izard,29374,67
Jackson,34236,30
Jefferson,34006,33
Johnson,28649,70
Lafayette,34903,26
Lawrence,33446,36
Lee,26474,74
Lincoln,25919,75
Little River,33525,47
Logan,33540,42
Lonoke,37525,11
Madison,36069,31
Marion,29517,66
Miller,32452,50
Mississippi,29581,59
Monroe,32110,54
Montgomery,29778,64
Nevada,33006,45
Newton,27645,71
Ouachita,35026,23
Perry,33933,39
Phillips,30148,62
Pike,31759,52
Poinsett,30921,56
Polk,29313,65
Pope,33972,35
Prairie,34208,29
Pulaski,49129,2
Randolph,32251,49
St. Francis,27464,73
Saline,40160,6
Scott,30330,60
Searcy,27109,72
Sebastian,40486,5
Sevier,30197,58
Sharp,31022,57
Stone,29491,63
Union,43507,3
Van Buren,30051,61
Washington,39283,8
White,34232,32
Woodruff,35322,18
Yell,32100,51
,,
California,60156,0
Alameda,71560,6
Alpine,68492,8
Amador,43405,40
Butte,42653,42
Calaveras,47177,30
Colusa,45475,31
Contra Costa,76886,5
Del Norte,36172,56
El Dorado,64519,11
Fresno,41137,45
Glenn,44935,33
Humboldt,46493,32
Imperial,36537,57
Inyo,59340,19
Kern,38467,53
Kings,34323,58
Lake,41460,44
Lassen,36350,55
Los Angeles,59058,15
Madera,38062,52
Marin,124731,1
Mariposa,50703,25
Mendocino,47611,29
Merced,38037,54
Modoc,43224,39
Mono,51584,28
Monterey,53989,21
Napa,69791,7
Nevada,58771,16
Orange,65709,10
Placer,64015,12
Plumas,50905,24
Riverside,38975,49
Sacramento,50445,26
San Benito,50955,23
San Bernardino,38648,51
San Diego,58097,18
San Francisco,121778,2
San Joaquin,42391,38
San Luis Obispo,55635,20
San Mateo,117389,3
Santa Barbara,59633,14
Santa Clara,100177,4
Santa Cruz,64901,9
Shasta,44480,36
Sierra,44508,35
Siskiyou,43652,37
Solano,48364,27
Sonoma,60170,13
Stanislaus,42354,43
Sutter,42752,41
Tehama,40374,46
Trinity,37842,48
Tulare,39018,50
Tuolumne,46017,34
Ventura,58761,17
Yolo,52207,22
Yuba,39409,47
,,
Colorado,55335,0
Adams,41170,41
Alamosa,35437,54
Arapahoe,56789,13
Archuleta,40753,46
Baca,41045,48
Bent,26363,63
Boulder,69298,7
Broomfield,63170,10
Chaffee,44340,31
Cheyenne,56640,17
Clear Creek,57914,12
Conejos,34424,57
Costilla,32846,60
Crowley,19263,64
Custer,39608,47
Delta,36373,52
Denver,74396,4
Dolores,33542,59
Douglas,70029,6
Eagle,73114,5
Elbert,54624,16
El Paso,46692,27
Fremont,33558,58
Garfield,55931,14
Gilpin,45826,29
Grand,46817,23
Gunnison,44676,30
Hinsdale,49886,20
Huerfano,40864,43
Jackson,45186,24
Jefferson,60206,11
Kiowa,52095,22
Kit Carson,37887,55
Lake,34801,56
La Plata,53026,18
Larimer,51497,19
Las Animas,38267,49
Lincoln,26641,62
Logan,47303,28
Mesa,42239,37
Mineral,66179,8
Moffat,39806,45
Montezuma,40316,42
Montrose,37663,50
Morgan,42986,35
Otero,36194,53
Ouray,56013,15
Park,43280,36
Phillips,42654,39
Pitkin,138328,1
Prowers,40067,44
Pueblo,37540,51
Rio Blanco,44284,32
Rio Grande,43609,33
Routt,78253,3
Saguache,28846,61
San Juan,45219,40
San Miguel,80349,2
Sedgwick,48630,26
Summit,63601,9
Teller,47164,25
Washington,38071,38
Weld,44173,34
Yuma,50062,21
,,
Connecticut,72213,0
Fairfield,112769,1
Hartford,61938,4
Litchfield,61387,3
Middlesex,65598,2
New Haven,53605,6
New London,56545,5
Tolland,54193,7
Windham,45004,8
,,
Delaware,50350,0
Kent,40438,3
New Castle,54198,1
Sussex,48601,2
,,
District of Columbia,78969,0
,,
Florida,47869,0
Alachua,42455,25
Baker,31076,50
Bay,41499,26
Bradford,32876,46
Brevard,43371,21
Broward,47977,12
Calhoun,25901,61
Charlotte,39868,31
Citrus,36614,35
Clay,41374,27
Collier,87092,1
Columbia,33658,44
DeSoto,23869,65
Dixie,26862,60
Duval,44458,19
Escambia,40825,28
Flagler,44092,18
Franklin,33999,39
Gadsden,33483,43
Gilchrist,33217,45
Glades,23510,63
Gulf,33871,40
Hamilton,25063,62
Hardee,28844,59
Hendry,30693,54
Hernando,35601,38
Highlands,32922,47
Hillsborough,45129,17
Holmes,29598,56
Indian River,72149,5
Jackson,30763,51
Jefferson,39715,32
Lafayette,24232,64
Lake,40613,30
Lee,48872,11
Leon,42380,24
Levy,34477,42
Liberty,23087,66
Madison,30499,53
Manatee,45404,16
Marion,35719,37
Martin,79020,3
Miami-Dade,47813,13
Monroe,84679,2
Nassau,55738,9
Okaloosa,47111,15
Okeechobee,30568,55
Orange,42776,22
Osceola,32315,48
Palm Beach,75183,4
Pasco,38917,33
Pinellas,50917,10
Polk,34591,41
Putnam,30823,52
St. Johns,65660,6
St. Lucie,37958,34
Santa Rosa,42972,23
Sarasota,61378,7
Seminole,46782,14
Sumter,44097,20
Suwannee,31943,49
Taylor,28878,57
Union,20756,67
Volusia,40566,29
Wakulla,35087,36
Walton,57822,8
Washington,28309,58
,,
Georgia,44536,0
Appling,32080,108
Atkinson,28764,135
Bacon,32775,112
Baker,35725,42
Baldwin,31950,110
Banks,35226,67
Barrow,35560,61
Bartow,36844,45
Ben Hill,29877,126
Berrien,30179,124
Bibb,39928,27
Bleckley,32278,107
Brantley,26353,151
Brooks,33137,89
Bryan,50022,7
Bulloch,30825,120
Burke,34394,75
Butts,32818,98
Calhoun,24763,156
Camden,34832,69
Candler,30023,127
Carroll,36814,43
Catoosa,34048,84
Charlton,24489,155
Chatham,45061,13
Chattahoochee,30926,129
Chattooga,29836,131
Cherokee,49084,8
Clarke,32419,100
Clay,29492,125
Clayton,27058,148
Clinch,36580,54
Cobb,54559,5
Coffee,30988,116
Colquitt,31859,118
Columbia,47688,11
Cook,31086,119
Coweta,44612,16
Crawford,33208,105
Crisp,31206,117
Dade,33720,74
Dawson,43455,18
Decatur,35252,68
DeKalb,48557,9
Dodge,29702,134
Dooly,27631,147
Dougherty,34354,93
Douglas,33855,81
Early,37889,39
Echols,27281,149
Effingham,40037,25
Elbert,34508,77
Emanuel,32066,122
Evans,33877,82
Fannin,34431,73
Fayette,60677,3
Floyd,37003,44
Forsyth,60227,4
Franklin,35508,62
Fulton,80683,1
Gilmer,34102,78
Glascock,32814,101
Glynn,43642,17
Gordon,35514,60
Grady,33524,90
Greene,53496,6
Gwinnett,39738,28
Habersham,32780,103
Hall,41856,22
Hancock,28261,141
Haralson,35121,65
Harris,45538,14
Hart,36219,47
Heard,30076,128
Henry,37619,38
Houston,41105,23
Irwin,30745,115
Jackson,40832,24
Jasper,39111,31
Jeff Davis,28671,140
Jefferson,32925,99
Jenkins,28005,145
Johnson,24822,154
Jones,36159,53
Lamar,32395,113
Lanier,26281,150
Laurens,35528,57
Lee,45415,15
Liberty,34163,72
Lincoln,35936,58
Long,26268,152
Lowndes,35817,55
Lumpkin,35288,56
McDuffie,35656,59
McIntosh,28377,142
Macon,30237,130
Madison,35261,64
Marion,28317,144
Meriwether,33285,91
Miller,38229,30
Mitchell,33964,86
Monroe,43106,19
Montgomery,28562,143
Morgan,48982,10
Murray,28986,139
Muscogee,42083,21
Newton,32456,106
Oconee,64194,2
Oglethorpe,36456,52
Paulding,36276,51
Peach,37173,48
Pickens,45890,12
Pierce,34908,70
Pike,38423,35
Polk,31150,121
Pulaski,29034,136
Putnam,40236,26
Quitman,28699,133
Rabun,39632,29
Randolph,31453,109
Richmond,36820,46
Rockdale,33842,80
Schley,29949,132
Screven,33079,87
Seminole,39963,34
Spalding,33422,92
Stephens,37831,40
Stewart,21665,157
Sumter,34522,71
Talbot,33643,95
Taliaferro,32719,102
Tattnall,27812,146
Taylor,29253,137
Telfair,20338,158
Terrell,38110,33
Thomas,42097,20
Tift,36148,50
Toombs,33992,76
Towns,35901,49
Treutlen,29216,138
Troup,34951,66
Turner,33212,96
Twiggs,37784,36
Union,35166,63
Upson,33922,85
Walker,31704,114
Walton,39022,32
Ware,32763,104
Warren,33231,94
Washington,34386,79
Wayne,30164,123
Webster,32211,111
Wheeler,19010,159
White,33680,88
Whitfield,37278,41
Wilcox,26014,153
Wilkes,38339,37
Wilkinson,34285,83
Worth,32540,97
,,
Hawaii,53145,0
Hawaii,40883,4
Honolulu,57049,1
Kauai,47084,2
Maui + Kalawao,47322,3
,,
Idaho,42094,0
Ada,50699,2
Adams,35945,27
Bannock,36984,24
Bear Lake,37484,22
Benewah,35691,28
Bingham,34615,33
Blaine,107468,1
Boise,41580,10
Bonner,39444,14
Bonneville,46236,5
Boundary,34792,29
Butte,37944,19
Camas,36314,21
Canyon,31422,43
Caribou,37788,18
Cassia,42790,7
Clark,38537,17
Clearwater,33881,41
Custer,41476,11
Elmore,35609,31
Franklin,34974,35
Fremont (includes Yellowstone National Park),35350,30
Gem,36200,26
Gooding,53995,3
Idaho,32903,38
Jefferson,33745,39
Jerome,36699,23
Kootenai,43129,8
Latah,39454,13
Lemhi,39790,12
Lewis,43517,6
Lincoln,33566,40
Madison,24881,44
Minidoka,36149,25
Nez Perce,42907,9
Oneida,33614,37
Owyhee,32319,42
Payette,38125,20
Power,35757,32
Shoshone,34669,36
Teton,37567,15
Twin Falls,38230,16
Valley,47866,4
Washington,34870,34
,,
Illinois,53943,0
Adams,44055,31
Alexander,32888,100
Bond,34896,90
Boone,45005,27
Brown,33448,99
Bureau,41897,47
Calhoun,39897,62
Carroll,43059,64
Cass,40212,60
Champaign,43106,36
Christian,39756,68
Clark,39877,54
Clay,37175,78
Clinton,45539,24
Coles,39098,76
Cook,59046,4
Crawford,44969,23
Cumberland,41910,48
DeKalb,39059,77
De Witt,45308,29
Douglas,48003,13
DuPage,69106,2
Edgar,40549,65
Edwards,39111,79
Effingham,47755,17
Fayette,33549,98
Ford,49742,11
Franklin,35794,91
Fulton,36054,86
Gallatin,43830,43
Greene,34425,94
Grundy,49480,12
Hamilton,43346,51
Hancock,43476,33
Hardin,36658,93
Henderson,41657,66
Henry,44073,37
Iroquois,41329,52
Jackson,35488,92
Jasper,42431,35
Jefferson,37681,81
Jersey,39720,70
Jo Daviess,46417,20
Johnson,34457,97
Kane,48814,14
Kankakee,39602,73
Kendall,46966,21
Knox,37806,83
Lake,74130,1
LaSalle,42616,42
Lawrence,28640,102
Lee,40081,67
Livingston,42784,41
Logan,35922,88
McDonough,37161,84
McHenry,52999,7
McLean,47247,19
Macon,45425,25
Macoupin,38899,69
Madison,44555,30
Marion,40229,53
Marshall,43764,34
Mason,40016,63
Massac,37218,87
Menard,43943,28
Mercer,43836,39
Monroe,55106,6
Montgomery,34961,89
Morgan,38417,72
Moultrie,57703,3
Ogle,44393,32
Peoria,47963,16
Perry,35993,85
Piatt,50502,8
Pike,40413,56
Pope,29341,101
Pulaski,36471,96
Putnam,56849,5
Randolph,34587,95
Richland,39881,61
Rock Island,43156,40
St. Clair,42933,38
Saline,38524,80
Sangamon,46187,22
Schuyler,42046,45
Scott,38749,59
Shelby,37692,71
Stark,41674,55
Stephenson,40897,58
Tazewell,44855,26
Union,40905,57
Vermilion,37461,82
Wabash,42162,50
Warren,38885,74
Washington,47563,15
Wayne,38184,75
White,46911,18
Whiteside,42325,46
Will,50449,9
Williamson,42427,44
Winnebago,41579,49
Woodford,49424,10
,,
Indiana,45225,0
Adams,37119,71
Allen,44182,21
Bartholomew,47987,9
Benton,39639,39
Blackford,36463,83
Boone,70598,2
Brown,45194,18
Carroll,41367,28
Cass,37284,75
Clark,42231,35
Clay,37025,76
Clinton,36455,69
Crawford,32517,91
Daviess,40253,47
Dearborn,45302,15
Decatur,41066,40
DeKalb,42213,30
Delaware,35713,86
Dubois,54443,3
Elkhart,45451,17
Fayette,38925,56
Floyd,53344,5
Fountain,38205,55
Franklin,44614,19
Fulton,40418,53
Gibson,43743,24
Grant,38200,60
Greene,37637,64
Hamilton,71816,1
Hancock,48483,8
Harrison,40438,49
Hendricks,47740,10
Henry,36561,78
Howard,39916,50
Huntington,40203,44
Jackson,40952,42
Jasper,42313,37
Jay,37181,68
Jefferson,40448,48
Jennings,37482,74
Johnson,46528,11
Knox,43026,26
Kosciusko,45728,13
Lagrange,41176,46
Lake,43085,25
LaPorte,40561,43
Lawrence,38846,59
Madison,36675,79
Marion,50328,7
Marshall,40060,54
Martin,37659,63
Miami,33457,90
Monroe,40303,45
Montgomery,38609,62
Morgan,42318,29
Newton,37763,65
Noble,38037,66
Ohio,38572,57
Orange,36862,80
Owen,38500,61
Parke,35478,87
Perry,36596,82
Pike,39773,57
Porter,50615,6
Posey,46946,12
Pulaski,42416,36
Putnam,36162,84
Randolph,36856,77
Ripley,40265,51
Rush,44641,16
St. Joseph,46068,14
Scott,36227,85
Shelby,42331,32
Spencer,42970,31
Starke,34141,88
Steuben,41161,38
Sullivan,33765,89
Switzerland,29016,92
Tippecanoe,36852,70
Tipton,43742,20
Union,36992,72
Vanderburgh,44004,22
Vermillion,37312,67
Vigo,37443,73
Wabash,41382,34
Warren,41888,23
Warrick,54188,4
Washington,36417,81
Wayne,39623,52
Wells,40576,41
White,41273,33
Whitley,42586,27
,,
Iowa,47458,0
Adair,47956,35
Adams,60425,1
Allamakee,43516,62
Appanoose,36659,97
Audubon,45086,54
Benton,50585,20
Black Hawk,42221,69
Boone,46263,47
Bremer,47251,49
Buchanan,44342,60
Buena Vista,45247,45
Butler,47707,46
Calhoun,45730,38
Carroll,50694,18
Cass,44804,53
Cedar,50258,21
Cerro Gordo,49935,22
Cherokee,57693,4
Chickasaw,53786,8
Clarke,41325,77
Clay,47733,37
Clayton,47824,42
Clinton,42167,73
Crawford,39469,90
Dallas,63620,2
Davis,34351,98
Decatur,33322,99
Delaware,48195,34
Des Moines,48163,41
Dickinson,56603,7
Dubuque,46242,50
Emmet,43177,82
Fayette,42160,72
Floyd,44460,59
Franklin,49186,36
Fremont,43940,66
Greene,45392,52
Grundy,50936,23
Guthrie,49042,31
Hamilton,46943,25
Hancock,51847,17
Hardin,49143,32
Harrison,43972,68
Henry,40373,83
Howard,44126,55
Humboldt,47403,43
Ida,49798,28
Iowa,51702,16
Jackson,42303,67
Jasper,40877,81
Jefferson,38299,85
Johnson,50536,33
Jones,41572,79
Keokuk,41300,71
Kossuth,50641,27
Lee,39430,87
Linn,50374,29
Louisa,38603,94
Lucas,39586,88
Lyon,59337,5
Madison,47104,48
Mahaska,40057,76
Marion,45902,51
Marshall,40771,79
Mills,53113,13
Mitchell,56986,3
Monona,46535,56
Monroe,40394,78
Montgomery,40010,86
Muscatine,45111,57
O'Brien,56110,6
Osceola,52840,11
Page,38926,91
Palo Alto,50023,26
Plymouth,54505,9
Pocahontas,46807,30
Polk,51006,24
Pottawattamie,43184,64
Poweshiek,44216,58
Ringgold,42744,63
Sac,50498,12
Scott,51985,19
Shelby,49328,39
Sioux,52054,15
Story,39976,89
Tama,43132,61
Taylor,39947,92
Union,37956,95
Van Buren,37839,93
Wapello,36928,96
Warren,48764,40
Washington,52712,10
Wayne,40490,75
Webster,42623,65
Winnebago,42464,70
Winneshiek,46862,44
Woodbury,41570,74
Worth,39928,84
Wright,51704,14
,,
Kansas,48869,0
Allen,38176,86
Anderson,36673,96
Atchison,35796,101
Barber,38154,70
Barton,44565,34
Bourbon,40056,67
Brown,41260,63
Butler,43949,44
Chase,43961,43
Chautauqua,38320,84
Cherokee,37642,89
Cheyenne,41532,37
Clark,58054,9
Clay,40952,76
Cloud,36765,98
Coffey,49455,18
Comanche,43104,46
Cowley,36963,94
Crawford,35923,99
Decatur,43747,40
Dickinson,39504,85
Doniphan,36703,102
Douglas,41899,59
Edwards,46538,22
Elk,38382,83
Ellis,43805,42
Ellsworth,39718,61
Finney,40772,62
Ford,37024,93
Franklin,40397,72
Geary,46894,31
Gove,54352,11
Graham,43260,29
Grant,45644,41
Gray,66009,5
Greeley,49718,10
Greenwood,40495,66
Hamilton,55201,8
Harper,44555,38
Harvey,39753,77
Haskell,53854,20
Hodgeman,44405,30
Jackson,39634,78
Jefferson,41883,53
Jewell,45119,33
Johnson,70899,2
Kearny,52343,14
Kingman,41770,68
Kiowa,41488,57
Labette,39725,74
Lane,87016,1
Leavenworth,41239,64
Lincoln,38570,79
Linn,34789,103
Logan,44743,35
Lyon,36412,97
McPherson,47518,24
Marion,39347,80
Marshall,44167,47
Meade,58921,6
Miami,46750,32
Mitchell,53613,16
Montgomery,35010,100
Morris,42789,71
Morton,41977,58
Nemaha,52071,17
Neosho,37394,90
Ness,50864,12
Norton,40019,75
Osage,39172,87
Osborne,43447,45
Ottawa,39515,81
Pawnee,37888,91
Phillips,46978,23
Pottawatomie,50834,21
Pratt,44202,36
Rawlins,47608,15
Reno,39347,82
Republic,43127,56
Rice,39592,65
Riley,40847,69
Rooks,36736,73
Rush,40603,55
Russell,41745,54
Saline,47831,28
Scott,67868,4
Sedgwick,50503,19
Seward,35581,95
Shawnee,44478,39
Sheridan,47346,26
Sherman,39484,51
Smith,42348,49
Stafford,40531,52
Stanton,52848,7
Stevens,36189,92
Sumner,38969,88
Thomas,40907,48
Trego,44683,25
Wabaunsee,48839,27
Wallace,50115,13
Washington,43064,50
Wichita,58829,3
Wilson,40967,60
Woodson,33592,104
Wyandotte,32157,105
,,
Kentucky,40999,0
Adair,30140,98
Allen,31901,87
Anderson,38451,30
Ballard,37109,39
Barren,35644,50
Bath,29974,109
Bell,28620,114
Boone,45860,8
Bourbon,43104,11
Boyd,37222,29
Boyle,36537,42
Bracken,35226,48
Breathitt,32834,77
Breckinridge,33614,69
Bullitt,39577,23
Butler,33602,70
Caldwell,33639,64
Calloway,34755,60
Campbell,46864,6
Carlisle,42142,13
Carroll,34421,55
Carter,30012,105
Casey,30367,99
Christian,37237,43
Clark,39105,28
Clay,29799,107
Clinton,30274,97
Crittenden,33812,63
Cumberland,33541,61
Daviess,40420,20
Edmonson,31542,88
Elliott,21934,120
Estill,30858,92
Fayette,48427,5
Fleming,32796,81
Floyd,35738,46
Franklin,40716,19
Fulton,32588,79
Gallatin,31085,90
Garrard,33723,71
Grant,34781,57
Graves,37455,36
Grayson,32558,80
Green,34220,68
Greenup,38541,24
Hancock,35550,47
Hardin,42161,16
Harlan,29626,103
Harrison,34181,66
Hart,31296,89
Henderson,38332,27
Henry,36736,38
Hickman,42615,10
Hopkins,38817,31
Jackson,27836,117
Jefferson,49871,3
Jessamine,42372,15
Johnson,32007,84
Kenton,55101,2
Knott,29082,112
Knox,28678,115
Larue,35481,52
Laurel,33066,75
Lawrence,30289,91
Lee,31147,111
Leslie,31632,86
Letcher,29386,104
Lewis,30030,101
Lincoln,30755,96
Livingston,36823,41
Logan,35007,59
Lyon,34694,49
McCracken,46442,7
McCreary,25026,119
McLean,39870,22
Madison,34654,62
Magoffin,29452,108
Marion,34997,58
Marshall,39505,21
Martin,28906,113
Mason,38861,25
Meade,38901,26
Menifee,29734,110
Mercer,36552,44
Metcalfe,30660,93
Monroe,35747,54
Montgomery,34003,67
Morgan,26379,118
Muhlenberg,33608,76
Nelson,40970,18
Nicholas,33752,73
Ohio,31780,83
Oldham,60029,1
Owen,32927,74
Owsley,30801,95
Pendleton,44473,14
Perry,36986,33
Pike,35192,56
Powell,31108,94
Pulaski,35537,45
Robertson,31779,85
Rockcastle,30574,100
Rowan,29803,106
Russell,33229,72
Scott,42538,17
Shelby,43963,9
Simpson,37757,35
Spencer,42459,12
Taylor,34221,65
Todd,37222,34
Trigg,36180,53
Trimble,35388,51
Union,31927,78
Warren,37140,37
Washington,36996,40
Wayne,27485,116
Webster,39000,32
Whitley,32449,82
Wolfe,30461,102
Woodford,49988,4
,,
Louisiana,43938,0
Acadia,35481,46
Allen,31754,58
Ascension,47798,7
Assumption,43897,15
Avoyelles,36529,43
Beauregard,41126,19
Bienville,35759,42
Bossier,41876,18
Caddo,45384,12
Calcasieu,46162,10
Caldwell,32616,54
Cameron,47476,5
Catahoula,33413,56
Claiborne,33643,51
Concordia,31599,59
De Soto,38585,30
East Baton Rouge,48855,3
East Carroll,36315,50
East Feliciana,40843,20
Evangeline,32634,55
Franklin,31196,63
Grant,30862,64
Iberia,37119,36
Iberville,39569,25
Jackson,32933,53
Jefferson,48520,4
Jefferson Davis,39905,21
Lafayette,47467,6
Lafourche,44136,13
LaSalle,30283,61
Lincoln,38492,32
Livingston,39068,29
Madison,31210,60
Morehouse,37648,41
Natchitoches,37985,34
Orleans,49436,2
Ouachita,39135,27
Plaquemines,47225,8
Pointe Coupee,42976,17
Rapides,44128,16
Red River,38966,22
Richland,35988,45
Sabine,33001,52
St. Bernard,30974,62
St. Charles,47247,9
St. Helena,39875,23
St. James,46155,11
St. John the Baptist,38830,31
St. Landry,39179,26
St. Martin,35705,44
St. Mary,37142,35
St. Tammany,58848,1
Tangipahoa,37474,38
Tensas,36060,49
Terrebonne,39379,24
Union,37117,39
Vermilion,36943,37
Vernon,38756,28
Washington,32210,57
Webster,38000,33
West Baton Rouge,45169,14
West Carroll,34625,48
West Feliciana,37266,40
Winn,35068,47
,,
Maine,46570,0
Androscoggin,39600,9
Aroostook,39387,10
Cumberland,59331,1
Franklin,36874,13
Hancock,48782,5
Kennebec,43096,7
Knox,49443,2
Lincoln,48449,6
Oxford,36245,16
Penobscot,39976,8
Piscataquis,36588,14
Sagadahoc,48764,4
Somerset,36980,15
Waldo,38833,11
Washington,38836,12
York,49665,3
,,
Maryland,60512,0
Allegany,38754,23
Anne Arundel,64519,4
Baltimore,58638,9
Calvert,59974,7
Caroline,44788,20
Carroll,60423,6
Cecil,45650,17
Charles,54857,13
Dorchester,44916,19
Frederick,59455,8
Garrett,43328,21
Harford,56436,12
Howard,75026,2
Kent,58154,10
Montgomery,85345,1
Prince George's,47348,16
Queen Anne's,62287,5
St. Mary's,54446,14
Somerset,31147,24
Talbot,69455,3
Washington,45087,18
Wicomico,40839,22
Worcester,58054,11
Baltimore City,48945,15
,,
Massachusetts,68233,0
Barnstable,70777,6
Berkshire,54135,10
Bristol,51710,12
Dukes,89082,2
Essex,64354,7
Franklin,52477,11
Hampden,49416,14
Hampshire,50857,13
Middlesex,79583,4
Nantucket,117909,1
Norfolk,87474,3
Plymouth,64316,8
Suffolk,77036,5
Worcester,54439,9
,,
Michigan,46258,0
Alcona,36624,53
Alger,32245,80
Allegan,42787,20
Alpena,39510,35
Antrim,44756,16
Arenac,36085,62
Baraga,31664,81
Barry,43036,23
Bay,40192,31
Benzie,41620,28
Berrien,45651,15
Branch,35438,61
Calhoun,38608,39
Cass,43298,21
Charlevoix,49855,8
Cheboygan,38120,41
Chippewa,32579,76
Clare,32913,78
Clinton,44687,18
Crawford,32483,74
Delta,38423,38
Dickinson,46503,11
Eaton,40948,30
Emmet,54537,6
Genesee,39380,34
Gladwin,35674,65
Gogebic,37352,44
Grand Traverse,48387,9
Gratiot,35599,59
Hillsdale,34569,66
Houghton,35650,60
Huron,43446,19
Ingham,38893,36
Ionia,33339,71
Iosco,36055,57
Iron,42799,22
Isabella,33638,69
Jackson,38031,45
Kalamazoo,46675,12
Kalkaska,33338,75
Kent,51268,7
Keweenaw,45092,13
Lake,30077,83
Lapeer,41744,26
Leelanau,63559,2
Lenawee,37956,46
Livingston,55861,5
Luce,30252,82
Mackinac,42130,24
Macomb,44645,17
Manistee,36867,51
Marquette,38349,42
Mason,39357,32
Mecosta,32527,77
Menominee,41393,27
Midland,58229,3
Missaukee,33883,72
Monroe,45498,14
Montcalm,33571,72
Montmorency,35483,63
Muskegon,37207,48
Newaygo,36579,54
Oakland,69410,1
Oceana,36225,58
Ogemaw,33065,70
Ontonagon,38027,40
Osceola,34148,68
Oscoda,32189,79
Otsego,38670,37
Ottawa,47043,10
Presque Isle,37515,49
Roscommon,35282,64
Saginaw,37286,52
St. Clair,42381,25
St. Joseph,37161,50
Sanilac,36266,55
Schoolcraft,37916,43
Shiawassee,37681,47
Tuscola,35719,56
Van Buren,39606,33
Washtenaw,56729,4
Wayne,41115,29
Wexford,34847,67
,,
Minnesota,54919,0
Aitkin,37916,84
Anoka,49157,33
Becker,45639,56
Beltrami,39503,83
Benton,42321,71
Big Stone,51112,11
Blue Earth,43134,65
Brown,50290,23
Carlton,41096,76
Carver,68645,2
Cass,45372,54
Chippewa,46955,38
Chisago,46871,45
Clay,41400,75
Clearwater,41620,69
Cook,52629,16
Cottonwood,44907,52
Crow Wing,43526,61
Dakota,58016,5
Dodge,43890,51
Douglas,51082,20
Faribault,39293,73
Fillmore,42314,62
Freeborn,42680,60
Goodhue,50549,21
Grant,49241,24
Hennepin,71259,1
Houston,49849,25
Hubbard,41490,74
Isanti,42424,68
Itasca,40982,72
Jackson,51130,22
Kanabec,41568,79
Kandiyohi,52905,19
Kittson,51621,14
Koochiching,39101,81
Lac qui Parle,49663,13
Lake,46072,50
Lake of the Woods,54505,10
Le Sueur,47571,44
Lincoln,45043,47
Lyon,47254,41
McLeod,48060,42
Mahnomen,35314,87
Marshall,50165,29
Martin,50035,35
Meeker,42780,70
Mille Lacs,40411,82
Morrison,40898,78
Mower,44400,48
Murray,52140,18
Nicollet,48282,40
Nobles,43642,63
Norman,39765,66
Olmsted,55163,8
Otter Tail,46460,49
Pennington,52920,15
Pine,36249,86
Pipestone,55698,9
Polk,46227,43
Pope,47984,26
Ramsey,52490,17
Red Lake,50000,28
Redwood,47379,39
Renville,50475,30
Rice,42091,67
Rock,50413,27
Roseau,47835,32
St. Louis,44863,55
Scott,57312,6
Sherburne,45221,58
Sibley,47136,59
Stearns,45278,57
Steele,44454,53
Stevens,47326,37
Swift,46025,31
Todd,40943,80
Traverse,51591,4
Wabasha,46270,46
Wadena,38325,85
Waseca,42952,64
Washington,65013,3
Watonwan,42773,77
Wilkin,53576,7
Winona,47477,36
Wright,48381,34
Yellow Medicine,53681,12
,,
Mississippi,36375,0
Adams,32428,47
Alcorn,34364,28
Amite,32432,51
Attala,32603,48
Benton,29198,73
Bolivar,36104,14
Calhoun,32079,54
Carroll,36056,17
Chickasaw,33663,35
Choctaw,31949,49
Claiborne,30364,68
Clarke,35268,25
Clay,37625,9
Coahoma,32818,46
Copiah,32250,52
Covington,34699,30
DeSoto,39022,5
Forrest,37202,10
Franklin,33236,44
George,31697,57
Greene,27973,77
Grenada,34458,32
Hancock,33998,33
Harrison,36087,20
Hinds,37633,8
Holmes,27367,78
Humphreys,29932,65
Issaquena,10996,82
Itawamba,33582,37
Jackson,36297,19
Jasper,36001,21
Jefferson,31910,53
Jefferson Davis,29568,74
Jones,36933,15
Kemper,28571,76
Lafayette,40377,3
Lamar,38885,6
Lauderdale,36534,16
Lawrence,33170,40
Leake,30286,69
Lee,40345,4
Leflore,34769,26
Lincoln,37484,11
Lowndes,36657,12
Madison,61566,1
Marion,32880,41
Marshall,31072,60
Monroe,33180,38
Montgomery,32883,43
Neshoba,35409,24
Newton,33778,39
Noxubee,31581,56
Oktibbeha,32748,42
Panola,31684,58
Pearl River,34803,27
Perry,30674,64
Pike,29966,70
Pontotoc,31956,55
Prentiss,29794,72
Quitman,25162,81
Rankin,43135,2
Scott,30866,62
Sharkey,30238,63
Simpson,35865,22
Smith,34495,29
Stone,30560,67
Sunflower,28926,71
Tallahatchie,27157,79
Tate,33572,34
Tippah,32614,45
Tishomingo,31711,50
Tunica,31035,59
Union,31432,61
Walthall,31271,66
Warren,37983,7
Washington,35916,18
Wayne,33261,36
Webster,36973,13
Wilkinson,28516,75
Winston,34214,31
Yalobusha,35020,23
Yazoo,26303,80
,,
Missouri,45744,0
Adair,31995,88
Andrew,43627,14
Atchison,46852,22
Audrain,38248,41
Barry,32994,76
Barton,35305,68
Bates,37826,50
Benton,35088,65
Bollinger,31359,96
Boone,46027,6
Buchanan,38364,44
Butler,34743,71
Caldwell,35671,59
Callaway,37438,53
Camden,37080,52
Cape Girardeau,44258,10
Carroll,44818,15
Carter,31202,100
Cass,45599,8
Cedar,30695,101
Chariton,42176,25
Christian,38955,39
Clark,34877,77
Clay,46747,4
Clinton,42067,18
Cole,45975,5
Cooper,37778,48
Crawford,34420,64
Dade,33394,81
Dallas,31995,92
Daviess,33550,78
DeKalb,27762,112
Dent,31694,91
Douglas,27092,111
Dunklin,32503,83
Franklin,43552,11
Gasconade,38720,38
Gentry,42137,29
Greene,43187,16
Grundy,33951,75
Harrison,37243,55
Henry,41289,17
Hickory,26925,115
Holt,46192,13
Howard,37770,51
Howell,32414,84
Iron,32809,82
Jackson,45310,9
Jasper,39267,42
Jefferson,40783,20
Johnson,35492,62
Knox,32511,94
Laclede,35355,63
Lafayette,41244,26
Lawrence,32930,80
Lewis,34177,72
Lincoln,39371,32
Linn,37897,36
Livingston,38646,45
McDonald,27565,114
Macon,40803,23
Madison,35592,61
Maries,31914,89
Marion,39193,31
Mercer,34160,97
Miller,34602,70
Mississippi,32205,98
Moniteau,36487,58
Monroe,39876,21
Montgomery,41245,35
Morgan,41398,19
New Madrid,32116,86
Newton,38011,46
Nodaway,29854,102
Oregon,28216,110
Osage,44031,12
Ozark,29019,105
Pemiscot,31486,93
Perry,39990,30
Pettis,36732,56
Phelps,37711,47
Pike,34128,74
Platte,57099,2
Polk,32640,87
Pulaski,39638,34
Putnam,33888,85
Ralls,40118,33
Randolph,38342,43
Ray,40694,24
Reynolds,33096,73
Ripley,30026,104
St. Charles,51137,3
St. Clair,29011,106
Ste. Genevieve,38041,27
St. Francois,32899,79
St. Louis,67368,1
Saline,38453,54
Schuyler,27926,109
Scotland,32456,90
Scott,39067,40
Shannon,28352,103
Shelby,38567,36
Stoddard,36037,60
Stone,37272,49
Sullivan,39075,57
Taney,34736,66
Texas,27080,113
Vernon,36117,67
Warren,39778,28
Washington,28414,107
Wayne,29061,108
Webster,31583,95
Worth,36159,69
Wright,30860,99
St. Louis City,45137,7
,,
Montana,45312,0
Beaverhead,43053,28
Big Horn,28131,56
Blaine,29329,55
Broadwater,38075,43
Carbon,44912,19
Carter,45046,32
Cascade,45291,18
Chouteau,32696,46
Custer,43211,27
Daniels,36517,16
Dawson,41391,24
Deer Lodge,37837,45
Fallon,48075,8
Fergus,41218,33
Flathead,45604,20
Gallatin,52337,2
Garfield,35337,47
Glacier,32465,53
Golden Valley,45549,10
Granite,41675,34
Hill,42696,25
Jefferson,46643,17
Judith Basin,45571,7
Lake,37473,42
Lewis and Clark,47214,13
Liberty,35086,39
Lincoln,33901,50
McCone,37820,38
Madison,46822,11
Meagher,43317,22
Mineral,37968,40
Missoula,47086,9
Musselshell,40034,35
Park,46050,15
Petroleum,34908,49
Phillips,36841,44
Pondera,38417,36
Powder River,32616,54
Powell,38803,41
Prairie,42098,26
Ravalli,42519,29
Richland,55123,1
Roosevelt,33611,52
Rosebud,40705,37
Sanders,33508,51
Sheridan,51826,3
Silver Bow,47009,12
Stillwater,49065,5
Sweet Grass,42167,30
Teton,41597,31
Toole,41874,23
Treasure,43436,14
Valley,44298,21
Wheatland,33292,48
Wibaux,48000,6
Yellowstone,49899,4
,,
Nebraska,50663,0
Adams,46838,39
Antelope,46749,58
Arthur,38440,59
Banner,47049,5
Blaine,50623,63
Boone,51707,15
Box Butte,45096,52
Boyd,47471,11
Brown,47401,25
Buffalo,51634,14
Burt,47778,31
Butler,44557,54
Cass,50955,18
Cedar,49736,20
Chase,45521,37
Cherry,44551,68
Cheyenne,47667,47
Clay,44165,55
Colfax,39161,81
Cuming,56805,4
Custer,44158,73
Dakota,40534,85
Dawes,36124,93
Dawson,40642,82
Deuel,39143,74
Dixon,41756,75
Dodge,45367,53
Douglas,60202,2
Dundy,49255,19
Fillmore,54567,8
Franklin,43032,56
Frontier,41620,72
Furnas,44954,41
Gage,47267,34
Garden,39119,88
Garfield,41369,78
Gosper,45414,22
Grant,39233,83
Greeley,41735,69
Hall,41813,80
Hamilton,52577,13
Harlan,40488,50
Hayes,41504,66
Hitchcock,36388,90
Holt,51310,26
Hooker,51251,23
Howard,41389,87
Jefferson,45580,44
Johnson,36160,92
Kearney,53680,10
Keith,42074,62
Keya Paha,57783,3
Kimball,43458,77
Knox,43274,46
Lancaster,47565,33
Lincoln,44829,60
Logan,41823,91
Loup,49483,67
McPherson,47877,65
Madison,47981,29
Merrick,45743,51
Morrill,46306,40
Nance,36183,89
Nemaha,48198,43
Nuckolls,45687,28
Otoe,51478,17
Pawnee,43716,42
Perkins,51096,12
Phelps,51269,21
Pierce,51176,7
Platte,46431,36
Polk,47203,27
Red Willow,43499,61
Richardson,46076,48
Rock,53598,38
Saline,41042,79
Sarpy,48385,30
Saunders,49967,24
Scotts Bluff,41969,76
Seward,47742,35
Sheridan,42935,57
Sherman,38751,70
Sioux,43225,84
Stanton,44814,49
Thayer,49838,6
Thomas,51695,16
Thurston,41500,86
Valley,42957,64
Washington,54969,9
Wayne,43428,71
Webster,45263,45
Wheeler,60085,1
York,47461,32
,,
Nevada,46914,0
Churchill,41609,10
Clark,45087,6
Douglas,70128,1
Elko,44746,8
Esmeralda,43346,11
Eureka,37990,12
Humboldt,45977,7
Lander,60805,2
Lincoln,35087,16
Lyon,36999,13
Mineral,36585,14
Nye,36551,15
Pershing,32938,17
Storey,52606,3
Washoe,56151,4
White Pine,42007,9
Carson City,48065,5
,,
New Hampshire,58397,0
Belknap,58036,3
Carroll,56486,5
Cheshire,49671,7
Coos,41448,10
Grafton,57494,4
Hillsborough,58305,2
Merrimack,55169,6
Rockingham,70163,1
Strafford,48263,9
Sullivan,49427,8
,,
New Jersey,64924,0
Atlantic,46549,19
Bergen,81483,4
Burlington,59389,10
Camden,51852,16
Cape May,57976,13
Cumberland,38630,21
Essex,64232,8
Gloucester,52455,15
Hudson,62461,9
Hunterdon,84958,3
Mercer,65877,6
Middlesex,58172,12
Monmouth,75762,5
Morris,93555,2
Ocean,49749,17
Passaic,48294,18
Salem,46435,20
Somerset,99533,1
Sussex,58717,11
Union,65036,7
Warren,53405,14
,,
New Mexico,39521,0
Bernalillo,42112,6
Catron,30739,29
Chaves,38118,11
Cibola,27098,32
Colfax,38637,12
Curry,43467,5
De Baca,38634,13
Doña Ana,35144,19
Eddy,47687,3
Grant,38237,10
Guadalupe,31501,27
Harding,36820,16
Hidalgo,38969,8
Lea,38167,4
Lincoln,39661,7
Los Alamos,67791,1
Luna,29887,30
McKinley,26636,33
Mora,34013,20
Otero,33339,23
Quay,36686,18
Rio Arriba,33084,24
Roosevelt,39614,14
Sandoval,39928,9
San Juan,33613,21
San Miguel,32971,25
Santa Fe,55273,2
Sierra,38415,15
Socorro,32718,22
Taos,36575,17
Torrance,29072,31
Union,32519,28
Valencia,32111,26
,,
New York,65644,0
Albany,59429,7
Allegany,34137,62
Bronx,36321,61
Broome,42970,35
Cattaraugus,38988,53
Cayuga,40976,43
Chautauqua,40102,49
Chemung,42745,37
Chenango,40907,45
Clinton,43228,38
Columbia,53880,11
Cortland,39592,50
Delaware,38175,55
Dutchess,53918,10
Erie,49957,19
Essex,44298,28
Franklin,37006,60
Fulton,42068,42
Genesee,42425,40
Greene,46011,24
Hamilton,51880,12
Herkimer,40487,47
Jefferson,45476,25
Kings,50301,17
Lewis,43095,39
Livingston,44054,30
Madison,43019,36
Monroe,51316,14
Montgomery,41112,46
Nassau,85168,3
New York,182821,1
Niagara,44181,31
Oneida,43413,34
Onondaga,51012,15
Ontario,51842,13
Orange,49912,18
Orleans,38049,57
Oswego,39285,51
Otsego,42188,41
Putnam,62662,6
Queens,47956,22
Rensselaer,47797,23
Richmond,54563,9
Rockland,57966,8
St. Lawrence,36935,59
Saratoga,64977,5
Schenectady,49202,20
Schoharie,39357,48
Schuyler,40772,44
Seneca,37724,58
Steuben,43582,33
Suffolk,65445,4
Sullivan,44483,26
Tioga,44115,29
Tompkins,43466,32
Ulster,48508,21
Warren,50611,16
Washington,39189,52
Wayne,45153,27
Westchester,103169,2
Wyoming,39139,54
Yates,38824,56
,,
North Carolina,44180,0
Alamance,38141,42
Alexander,36178,55
Alleghany,36949,54
Anson,33531,81
Ashe,35368,64
Avery,34942,63
Beaufort,40279,30
Bertie,33839,79
Bladen,33917,83
Brunswick,41619,27
Buncombe,46143,12
Burke,33747,75
Cabarrus,43546,22
Caldwell,33792,74
Camden,43656,19
Carteret,47248,10
Caswell,34566,73
Catawba,43318,18
Chatham,59921,2
Cherokee,31101,96
Chowan,38904,34
Clay,32611,86
Cleveland,36182,53
Columbus,31351,95
Craven,41831,23
Cumberland,36990,45
Currituck,43885,17
Dare,53834,5
Davidson,37867,43
Davie,45965,13
Duplin,33900,88
Durham,48051,8
Edgecombe,33327,78
Forsyth,47062,11
Franklin,34674,65
Gaston,39795,31
Gates,35418,67
Graham,31517,90
Granville,36852,46
Greene,32493,94
Guilford,44268,15
Halifax,34615,68
Harnett,33064,82
Haywood,38634,37
Henderson,41286,26
Hertford,31830,93
Hoke,29898,97
Hyde,42039,25
Iredell,48027,9
Jackson,31851,91
Johnston,38249,40
Jones,38420,47
Lee,38287,38
Lenoir,39268,33
Lincoln,43920,16
McDowell,32721,85
Macon,38762,39
Madison,32655,87
Martin,33727,80
Mecklenburg,58539,3
Mitchell,34699,69
Montgomery,33760,72
Moore,49257,7
Nash,40255,29
New Hanover,43722,21
Northampton,33064,84
Onslow,44836,14
Orange,63460,1
Pamlico,41610,24
Pasquotank,38091,41
Pender,35296,70
Perquimans,39533,35
Person,36510,51
Pitt,39873,32
Polk,43202,20
Randolph,35910,58
Richmond,34272,76
Robeson,28270,100
Rockingham,35862,56
Rowan,36576,52
Rutherford,31351,92
Sampson,36130,71
Scotland,31732,89
Stanly,37703,44
Stokes,35623,59
Surry,37284,48
Swain,37192,50
Transylvania,40066,28
Tyrrell,29728,99
Union,49251,6
Vance,33671,77
Wake,55860,4
Warren,29360,98
Washington,34757,66
Watauga,35384,61
Wayne,37309,49
Wilkes,35681,62
Wilson,38746,36
Yadkin,36046,57
Yancey,34410,60
,,
North Dakota,52669,0
Adams,59898,16
Barnes,51317,24
Benson,31802,52
Billings,73638,1
Bottineau,50630,18
Bowman,58542,11
Burke,61857,5
Burleigh,56041,19
Cass,53945,22
Cavalier,57084,3
Dickey,46920,33
Divide,48780,45
Dunn,58392,14
Eddy,50853,30
Emmons,46819,42
Foster,62124,7
Golden Valley,42654,48
Grand Forks,49288,37
Grant,43501,49
Griggs,53404,25
Hettinger,49252,38
Kidder,46102,40
LaMoure,45878,21
Logan,54915,13
McHenry,46146,34
McIntosh,57695,15
McKenzie,58378,8
McLean,48957,28
Mercer,58294,20
Morton,50301,35
Mountrail,53085,17
Nelson,60168,12
Oliver,46260,46
Pembina,52261,41
Pierce,46147,36
Ramsey,46644,47
Ransom,50854,23
Renville,51213,10
Richland,49749,32
Rolette,34033,50
Sargent,58106,4
Sheridan,31244,51
Sioux,27871,53
Slope,44331,43
Stark,59310,9
Steele,58300,6
Stutsman,49889,29
Towner,45601,31
Traill,50421,39
Walsh,47825,44
Ward,51354,27
Wells,55222,26
Williams,65617,2
,,
Ohio,46651,0
Adams,33343,82
Allen,40712,40
Ashland,36962,70
Ashtabula,37112,68
Athens,32414,85
Auglaize,46638,18
Belmont,39612,43
Brown,35830,75
Butler,45335,21
Carroll,38047,59
Champaign,39658,51
Clark,39235,53
Clermont,51123,9
Clinton,43518,29
Columbiana,36481,73
Coshocton,33511,80
Crawford,37139,64
Cuyahoga,52313,8
Darke,40146,41
Defiance,39462,48
Delaware,71434,1
Erie,59366,3
Fairfield,44441,26
Fayette,37148,69
Franklin,48659,15
Fulton,43517,30
Gallia,37425,58
Geauga,65854,2
Greene,48224,16
Guernsey,38473,57
Hamilton,56795,5
Hancock,49251,11
Hardin,31427,84
Harrison,37514,67
Henry,43622,28
Highland,35029,78
Hocking,36851,72
Holmes,42772,32
Huron,39074,56
Jackson,34597,79
Jefferson,37350,61
Knox,40700,44
Lake,48600,14
Lawrence,36580,65
Licking,44464,27
Logan,41115,39
Lorain,44299,25
Lucas,44230,23
Madison,40598,45
Mahoning,41326,38
Marion,36753,71
Medina,53364,6
Meigs,33091,83
Mercer,47672,12
Miami,45639,20
Monroe,31984,81
Montgomery,44998,22
Morgan,31810,86
Morrow,37585,66
Muskingum,39195,54
Noble,25881,88
Ottawa,49171,10
Paulding,38111,52
Perry,36048,76
Pickaway,39759,50
Pike,36186,74
Portage,42176,34
Preble,38751,55
Putnam,46590,17
Richland,37865,62
Ross,35512,77
Sandusky,39827,47
Scioto,36917,63
Seneca,38104,60
Shelby,44072,24
Stark,43297,33
Summit,48894,13
Trumbull,39457,49
Tuscarawas,41603,37
Union,53461,7
Van Wert,39815,42
Vinton,32114,87
Warren,57376,4
Washington,40332,36
Wayne,42143,35
Williams,39838,46
Wood,45082,19
Wyandot,42162,31
,,
Oklahoma,43634,0
Adair,28197,76
Alfalfa,38924,33
Atoka,30968,66
Beaver,47038,7
Beckham,35662,40
Blaine,39136,28
Bryan,33396,56
Caddo,33526,53
Canadian,43108,15
Carter,40816,22
Cherokee,30907,68
Choctaw,30521,70
Cimarron,59361,3
Cleveland,43042,14
Coal,31645,59
Comanche,39667,27
Cotton,38520,25
Craig,34497,50
Creek,38749,32
Custer,39009,26
Delaware,30427,74
Dewey,40245,16
Ellis,51419,5
Garfield,42493,17
Garvin,36372,39
Grady,38134,35
Grant,44908,12
Greer,26804,77
Harmon,35064,52
Harper,44080,10
Haskell,31417,67
Hughes,30335,71
Jackson,37594,38
Jefferson,31246,69
Johnston,34105,45
Kay,38992,31
Kingfisher,46572,6
Kiowa,32195,65
Latimer,31867,62
Le Flore,31925,64
Lincoln,34087,51
Logan,41299,20
Love,36160,41
McClain,43174,13
McCurtain,31105,72
McIntosh,32223,61
Major,40204,19
Marshall,31695,63
Mayes,33357,54
Murray,40754,24
Muskogee,35112,44
Noble,40176,30
Nowata,34386,47
Okfuskee,28627,75
Oklahoma,48979,4
Okmulgee,32391,58
Osage,33687,55
Ottawa,34453,49
Pawnee,34381,48
Payne,35285,43
Pittsburg,36456,37
Pontotoc,40802,21
Pottawatomie,36010,42
Pushmataha,30841,73
Roger Mills,43257,8
Rogers,43717,11
Seminole,32016,57
Sequoyah,32171,60
Stephens,38772,29
Texas,44897,9
Tillman,40902,34
Tulsa,58024,2
Wagoner,37728,36
Washington,57820,1
Washita,33857,46
Woods,40195,23
Woodward,41901,18
,,
Oregon,48372,0
Baker,38217,26
Benton,44519,8
Clackamas,55478,2
Clatsop,43220,13
Columbia,42135,15
Coos,41682,18
Crook,39763,25
Curry,40885,21
Deschutes,53033,5
Douglas,38822,28
Gilliam,45345,7
Grant,39949,22
Harney,36911,32
Hood River,52750,4
Jackson,44533,9
Jefferson,31738,35
Josephine,39166,24
Klamath,38367,29
Lake,37029,30
Lane,43960,10
Lincoln,42009,16
Linn,40865,20
Malheur,29463,36
Marion,41119,19
Morrow,38728,33
Multnomah,54726,3
Polk,39554,23
Sherman,47700,6
Tillamook,42509,14
Umatilla,37734,31
Union,38138,27
Wallowa,43005,12
Wasco,42170,17
Washington,57787,1
Wheeler,35534,34
Yamhill,43328,11
,,
Pennsylvania,53144,0
Adams,47020,19
Allegheny,58965,5
Armstrong,42553,31
Beaver,45923,21
Bedford,40551,47
Berks,47412,18
Blair,44160,26
Bradford,39497,59
Bucks,69658,3
Butler,55614,7
Cambria,40721,45
Cameron,45312,22
Carbon,47605,16
Centre,44527,28
Chester,78645,1
Clarion,39286,57
Clearfield,42452,40
Clinton,38201,65
Columbia,40499,55
Crawford,38698,62
Cumberland,52703,10
Dauphin,48733,15
Delaware,62877,4
Elk,45932,20
Erie,42308,37
Fayette,40343,52
Forest,21458,67
Franklin,44239,27
Fulton,42503,30
Greene,42063,38
Huntingdon,36339,66
Indiana,37668,63
Jefferson,41582,41
Juniata,43589,34
Lackawanna,45388,25
Lancaster,49961,13
Lawrence,41382,43
Lebanon,46194,23
Lehigh,50697,12
Luzerne,43015,36
Lycoming,41587,44
McKean,42841,35
Mercer,40648,46
Mifflin,37730,64
Monroe,40393,51
Montgomery,75872,2
Montour,55164,8
Northampton,51895,11
Northumberland,40024,58
Perry,42789,39
Philadelphia,52629,9
Pike,45340,24
Potter,40149,50
Schuylkill,40585,49
Snyder,40322,53
Somerset,39845,56
Sullivan,43405,29
Susquehanna,42589,32
Tioga,39154,61
Union,39668,60
Venango,39572,54
Warren,40267,48
Washington,55749,6
Wayne,41630,42
Westmoreland,49062,14
Wyoming,42827,33
York,47835,17
,,
Rhode Island,52379,0
Bristol,74445,1
Kent,56928,4
Newport,65072,2
Providence,46164,5
Washington,60848,3
,,
South Carolina,42081,0
Abbeville,32937,30
Aiken,40893,11
Allendale,31593,34
Anderson,38391,15
Bamberg,31915,37
Barnwell,32117,33
Beaufort,53766,2
Berkeley,38885,14
Calhoun,37199,19
Charleston,58588,1
Cherokee,31686,35
Chester,32650,31
Chesterfield,29480,44
Clarendon,31979,35
Colleton,34184,27
Darlington,35965,22
Dillon,27035,46
Dorchester,37282,16
Edgefield,35426,26
Fairfield,35558,25
Florence,39941,12
Georgetown,45167,5
Greenville,46922,4
Greenwood,36067,23
Hampton,31054,41
Horry,35971,24
Jasper,27920,45
Kershaw,40130,13
Lancaster,47281,3
Laurens,33422,28
Lee,31553,40
Lexington,45533,7
McCormick,36014,18
Marion,30135,43
Marlboro,29857,42
Newberry,36802,21
Oconee,41722,9
Orangeburg,32849,32
Pickens,36973,20
Richland,44250,8
Saluda,33625,29
Spartanburg,41783,10
Sumter,36978,17
Union,31618,38
Williamsburg,31437,39
York,44804,6
,,
South Dakota,49554,0
Aurora,42188,47
Beadle,46034,35
Bennett,28660,60
Bon Homme,35017,54
Brookings,43952,45
Brown,50189,17
Brule,42426,44
Buffalo,22737,65
Butte,36758,55
Campbell,44080,29
Charles Mix,39423,48
Clark,41859,39
Clay,36999,53
Codington,46732,34
Corson,26699,59
Custer,46334,38
Davison,48035,27
Day,42440,42
Deuel,48310,23
Dewey,35572,58
Douglas,53839,9
Edmunds,44492,22
Fall River,45055,43
Faulk,36548,51
Grant,51817,11
Gregory,45911,40
Haakon,46388,31
Hamlin,41278,49
Hand,46450,12
Hanson,62500,6
Harding,50483,25
Hughes,51341,15
Hutchinson,47139,14
Hyde,53192,21
Jackson,25153,62
Jerauld,49664,13
Jones,49127,8
Kingsbury,44774,26
Lake,51089,20
Lawrence,47991,29
Lincoln,65423,5
Lyman,39763,41
McCook,48903,19
McPherson,34336,56
Marshall,42075,37
Meade,41862,50
Mellette,27828,61
Miner,47041,16
Minnehaha,55037,10
Moody,46213,33
Oglala Lakota,23987,64
Pennington,49414,24
Perkins,44019,52
Potter,63212,4
Roberts,33352,57
Sanborn,45654,36
Spink,47123,18
Stanley,66251,3
Sully,64360,2
Todd,24450,63
Tripp,44446,32
Turner,59210,7
Union,103772,1
Walworth,43197,46
Yankton,47715,28
Ziebach,19879,66
,,
Tennessee,44950,0
Anderson,40106,19
Bedford,35799,48
Benton,32715,68
Bledsoe,25154,94
Blount,41190,12
Bradley,37766,35
Campbell,32569,65
Cannon,34664,52
Carroll,34777,53
Carter,33088,59
Cheatham,41769,10
Chester,32532,69
Claiborne,33910,57
Clay,30471,84
Cocke,30637,81
Coffee,37323,39
Crockett,34675,51
Cumberland,35518,50
Davidson,62876,2
Decatur,40812,15
DeKalb,38125,28
Dickson,38766,27
Dyer,38310,26
Fayette,52993,3
Fentress,31029,79
Franklin,37289,36
Gibson,37414,40
Giles,37842,37
Grainger,31892,71
Greene,38618,29
Grundy,29839,85
Hamblen,35134,49
Hamilton,49813,4
Hancock,25777,93
Hardeman,28288,89
Hardin,37778,34
Hawkins,32806,62
Haywood,30348,80
Henderson,34542,56
Henry,40561,18
Hickman,31401,75
Houston,32184,74
Humphreys,38135,38
Jackson,29939,83
Jefferson,34289,55
Johnson,31510,78
Knox,47574,5
Lake,22576,95
Lauderdale,27910,91
Lawrence,33873,58
Lewis,32996,60
Lincoln,39511,20
Loudon,46340,9
McMinn,34645,54
McNairy,31310,76
Macon,32787,73
Madison,40781,13
Marion,36950,42
Marshall,36075,45
Maury,40901,14
Meigs,32771,70
Monroe,31971,72
Montgomery,40461,22
Moore,39731,21
Morgan,28339,90
Obion,39042,25
Overton,32381,67
Perry,33301,61
Pickett,38598,31
Polk,32647,66
Putnam,38079,32
Rhea,32842,63
Roane,39241,24
Robertson,40211,17
Rutherford,39262,22
Scott,28106,88
Sequatchie,36474,43
Sevier,37910,33
Shelby,47338,6
Smith,36263,44
Stewart,39111,30
Sullivan,40810,16
Sumner,46465,8
Tipton,37085,41
Trousdale,28849,87
Unicoi,35836,46
Union,30516,82
Van Buren,30207,86
Warren,33253,64
Washington,41539,11
Wayne,27448,92
Weakley,36146,47
White,31628,77
Williamson,91001,1
Wilson,46989,7
,,
Texas,47929,0
Anderson,32547,220
Andrews,45092,53
Angelina,37004,169
Aransas,44891,59
Archer,47302,50
Armstrong,44118,62
Atascosa,35464,192
Austin,48552,49
Bailey,43956,115
Bandera,41696,100
Bastrop,34895,196
Baylor,39407,128
Bee,27543,248
Bell,41905,111
Bexar,43878,74
Blanco,49915,43
Borden,52707,11
Bosque,40266,131
Bowie,38758,150
Brazoria,45575,67
Brazos,37278,163
Brewster,42271,79
Briscoe,33565,209
Brooks,33258,222
Brown,37219,170
Burleson,40718,112
Burnet,44593,70
Caldwell,32083,223
Calhoun,36603,171
Callahan,37170,161
Cameron,27427,246
Camp,37235,172
Carson,42974,72
Cass,35274,191
Castro,50578,110
Chambers,52075,37
Cherokee,33534,219
Childress,28853,242
Clay,40793,117
Cochran,40119,174
Coke,39046,125
Coleman,38663,141
Collin,63468,9
Collingsworth,35124,227
Colorado,45012,68
Comal,56325,22
Comanche,39960,116
Concho,18998,254
Cooke,50624,36
Coryell,33142,221
Cottle,57757,25
Crane,42497,64
Crockett,38073,134
Crosby,30754,235
Culberson,47328,35
Dallam,53368,42
Dallas,55947,19
Dawson,35739,189
Deaf Smith,41626,145
Delta,34263,211
Denton,53763,30
DeWitt,51763,34
Dickens,31270,234
Dimmit,34316,194
Donley,42778,78
Duval,34884,199
Eastland,61573,6
Ector,42548,66
Edwards,32845,210
Ellis,42741,88
El Paso,34242,203
Erath,37707,156
Falls,31999,215
Fannin,36567,185
Fayette,50750,38
Fisher,35079,71
Floyd,36911,186
Foard,39486,106
Fort Bend,55217,24
Franklin,37675,154
Freestone,35528,190
Frio,27076,251
Gaines,35234,201
Galveston,49618,44
Garza,27844,243
Gillespie,57351,18
Glasscock,91960,3
Goliad,41448,95
Gonzales,41211,102
Gray,42217,92
Grayson,40662,118
Gregg,43101,80
Grimes,33946,207
Guadalupe,43161,84
Hale,30784,229
Hall,26903,241
Hamilton,57022,17
Hansford,61180,13
Hardeman,37991,176
Hardin,44273,76
Harris,53708,28
Harrison,39812,124
Hartley,64268,14
Haskell,33593,216
Hays,41539,97
Hemphill,55393,20
Henderson,37992,155
Hidalgo,25451,252
Hill,37228,164
Hockley,38165,168
Hood,48989,48
Hopkins,37630,166
Houston,35966,179
Howard,36824,148
Hudspeth,31643,228
Hunt,36753,181
Hutchinson,39702,132
Irion,63268,7
Jack,39458,91
Jackson,39122,127
Jasper,39391,139
Jeff Davis,39037,107
Jefferson,42223,90
Jim Hogg,29753,236
Jim Wells,38766,144
Johnson,40237,129
Jones,29605,237
Karnes,46427,55
Kaufman,41440,109
Kendall,81411,4
Kenedy,48206,98
Kent,47512,33
Kerr,47670,52
Kimble,40848,103
King,43682,31
Kinney,28883,240
Kleberg,37388,167
Knox,35560,173
Lamar,40213,140
Lamb,37320,175
Lampasas,48084,57
La Salle,34012,204
Lavaca,48444,46
Lee,44829,69
Leon,37335,147
Liberty,36112,187
Limestone,33679,205
Lipscomb,60405,10
Live Oak,33333,206
Llano,45617,65
Loving,50853,27
Lubbock,40717,114
Lynn,34432,226
McCulloch,36784,182
McLennan,39680,136
McMullen,68178,5
Madison,29391,239
Marion,35869,180
Martin,51647,29
Mason,43190,85
Matagorda,40088,143
Maverick,28590,238
Medina,37878,160
Menard,33800,208
Midland,110511,2
Milam,35117,200
Mills,36251,188
Mitchell,30799,232
Montague,39683,120
Montgomery,60783,12
Moore,40370,135
Morris,41091,101
Motley,28478,245
Nacogdoches,35922,184
Navarro,36495,183
Newton,32100,225
Nolan,40545,105
Nueces,42474,87
Ochiltree,53656,26
Oldham,47670,58
Orange,43217,83
Palo Pinto,37631,165
Panola,40093,99
Parker,51441,40
Parmer,47208,82
Pecos,34110,195
Polk,37969,158
Potter,41721,93
Presidio,39788,108
Rains,32763,224
Randall,46249,63
Reagan,42138,60
Real,33159,213
Red River,39187,142
Reeves,33617,159
Refugio,40243,113
Roberts,37902,123
Robertson,38039,146
Rockwall,58872,16
Runnels,38087,153
Rusk,34630,198
Sabine,33646,214
San Augustine,36961,152
San Jacinto,33448,217
San Patricio,41936,93
San Saba,36449,137
Schleicher,35685,149
Scurry,40083,119
Shackelford,108260,1
Shelby,38733,130
Sherman,63291,56
Smith,52034,32
Somervell,43767,77
Starr,25447,253
Stephens,36060,162
Sterling,53915,21
Stonewall,49890,39
Sutton,57984,15
Swisher,43685,122
Tarrant,48892,45
Taylor,42874,81
Terrell,44418,61
Terry,31760,231
Throckmorton,33231,202
Titus,33215,212
Tom Green,43536,75
Travis,63418,8
Trinity,33099,217
Tyler,31071,230
Upshur,34832,193
Upton,40889,86
Uvalde,37788,157
Val Verde,34655,197
Van Zandt,36756,177
Victoria,43635,73
Walker,26880,250
Waller,38663,151
Ward,42704,54
Washington,49737,41
Webb,30153,233
Wharton,40086,133
Wheeler,39820,126
Wichita,41049,104
Wilbarger,40141,121
Willacy,29508,247
Williamson,48308,47
Wilson,42643,89
Winkler,47719,23
Wise,42208,96
Wood,36996,178
Yoakum,39067,138
Young,47634,51
Zapata,26723,249
Zavala,27144,244
,,
Utah,44002,0
Beaver,32777,23
Box Elder,35800,15
Cache,37518,12
Carbon,36013,14
Daggett,38788,8
Davis,43882,6
Duchesne,35387,17
Emery,30630,25
Garfield,36486,18
Grand,50409,2
Iron,30840,26
Juab,34560,19
Kane,39099,10
Millard,35195,21
Morgan,49753,5
Piute,33200,24
Rich,34189,20
Salt Lake,49866,4
San Juan,25344,29
Sanpete,27821,28
Sevier,31954,22
Summit,123795,1
Tooele,35253,16
Uintah,30135,27
Utah,38880,9
Wasatch,50664,3
Washington,36809,13
Wayne,36512,11
Weber,39832,7
,,
Vermont,51976,0
Addison,49834,8
Bennington,51601,5
Caledonia,39877,13
Chittenden,58562,1
Essex,35279,14
Franklin,44824,11
Grand Isle,57266,3
Lamoille,51212,6
Orange,45331,10
Orleans,42121,12
Rutland,49838,7
Washington,57865,2
Windham,48976,9
Windsor,55418,4
,,
Virginia,55306,0
Accomack,40715,56
Amelia,43064,47
Amherst,35527,85
Appomattox,36727,78
Arlington,90893,2
Bath,60042,13
Bedford,44602,40
Bland,35331,83
Botetourt,48228,35
Brunswick,31653,99
Buchanan,34449,88
Buckingham,29450,104
Caroline,40604,61
Charles City,43500,45
Charlotte,34509,90
Chesterfield,52024,24
Clarke,63517,9
Craig,36710,79
Culpeper,44445,42
Cumberland,37457,76
Dickenson,31026,101
Essex,40721,59
Fauquier,67525,7
Floyd,36744,73
Fluvanna,42829,48
Franklin,39004,64
Giles,38194,68
Gloucester,48145,34
Goochland,96584,1
Grayson,31518,97
Greene,42446,49
Halifax,35571,82
Hanover,58166,14
Henrico,64355,10
Highland,43308,44
Isle of Wight,53048,21
King and Queen,41480,54
King George,51051,25
King William,45135,41
Lancaster,56871,15
Lee,29135,105
Loudoun,74878,5
Louisa,41125,57
Lunenburg,32208,95
Madison,46555,38
Mathews,53624,20
Mecklenburg,35764,84
Middlesex,49250,29
Nelson,48296,32
New Kent,68728,8
Northampton,45890,36
Northumberland,49102,26
Nottoway,33522,92
Orange,46906,37
Page,37451,72
Patrick,32885,93
Powhatan,54715,18
Prince Edward,30979,102
Pulaski,38384,65
Rappahannock,61609,12
Richmond,35508,87
Russell,32004,96
Scott,32258,94
Shenandoah,42958,46
Smyth,35729,86
Stafford,52940,22
Surry,42826,43
Sussex,30082,103
Tazewell,37042,74
Warren,44910,39
Westmoreland,41296,55
Wythe,33997,91
Independent cities:,,
Alexandria,84059,3
Chesapeake,48528,33
Hampton,41931,51
Newport News,41684,52
Norfolk,40107,60
Portsmouth,39585,62
Richmond,54139,19
Roanoke,41824,53
Suffolk,49703,28
Virginia Beach,55731,17
Combination areas2:,,
Albemarle + Charlottesville,70832,6
Alleghany + Covington,38161,69
"Augusta, Staunton + Waynesboro",42622,50
Campbell + Lynchburg,36317,81
Carroll + Galax,34908,89
"Dinwiddie, Colonial Heights + Petersburg",39201,66
"Fairfax, Fairfax City + Falls Church",78430,4
Frederick + Winchester,48870,30
Greensville + Emporia,31774,100
Henry + Martinsville,37642,71
James City + Williamsburg,62671,11
Montgomery + Radford,36020,80
Pittsylvania + Danville,36970,77
Prince George + Hopewell,37675,75
"Prince William, Manassas + Manassas Park",52555,23
Roanoke + Salem,50124,27
"Rockbridge, Buena Vista + Lexington",39150,67
Rockingham + Harrisonburg,38469,70
Southampton + Franklin,41300,58
Spotsylvania + Fredericksburg,48759,31
Washington + Bristol,39269,63
Wise + Norton,31587,98
York + Poquoson,56549,16
,,
Washington,58550,0
Adams,42314,26
Asotin,45322,16
Benton,46034,15
Chelan,52454,6
Clallam,44045,20
Clark,50766,7
Columbia,47011,12
Cowlitz,43046,22
Douglas,40050,33
Ferry,36027,39
Franklin,36666,38
Garfield,42659,23
Grant,39488,36
Grays Harbor,38942,35
Island,52459,5
Jefferson,50090,9
King,84542,1
Kitsap,52833,3
Kittitas,41114,28
Klickitat,46695,14
Lewis,41100,24
Lincoln,45266,18
Mason,40735,27
Okanogan,41514,29
Pacific,40409,31
Pend Oreille,40008,32
Pierce,49137,10
San Juan,72862,2
Skagit,50119,8
Skamania,43372,21
Snohomish,52453,4
Spokane,44552,17
Stevens,37812,37
Thurston,48820,11
Wahkiakum,40917,30
Walla Walla,44178,19
Whatcom,46719,13
Whitman,38557,34
Yakima,41868,25
,,
West Virginia,38644,0
Barbour,30382,43
Berkeley,39677,14
Boone,31671,39
Braxton,29945,46
Brooke,39736,12
Cabell,40154,8
Calhoun,28331,52
Clay,29274,47
Doddridge,26739,54
Fayette,32740,34
Gilmer,27975,53
Grant,36184,27
Greenbrier,36291,22
Hampshire,33715,32
Hancock,40043,10
Hardy,33805,36
Harrison,44879,4
Jackson,35504,21
Jefferson,47932,2
Kanawha,45416,3
Lewis,36503,18
Lincoln,28802,48
Logan,34605,29
McDowell,29370,50
Marion,40236,11
Marshall,38082,16
Mason,31690,40
Mercer,35745,23
Mineral,37261,19
Mingo,30457,45
Monongalia,42782,6
Monroe,29430,51
Morgan,33190,35
Nicholas,31916,37
Ohio,60899,1
Pendleton,35236,31
Pleasants,41357,7
Pocahontas,36785,20
Preston,34296,30
Putnam,43973,5
Raleigh,38646,15
Randolph,34896,28
Ritchie,34962,25
Roane,32902,33
Summers,31876,42
Taylor,37954,17
Tucker,40081,13
Tyler,35457,24
Upshur,31213,41
Wayne,31596,38
Webster,27011,55
Wetzel,33106,26
Wirt,30138,44
Wood,39614,9
Wyoming,28818,49
,,
Wisconsin,49290,0
Adams,38296,70
Ashland,39041,65
Barron,46722,21
Bayfield,45766,22
Brown,50295,10
Buffalo,43191,48
Burnett,41293,58
Calumet,49038,16
Chippewa,44108,38
Clark,39389,67
Columbia,48837,14
Crawford,40294,62
Dane,58522,4
Dodge,42808,47
Door,60281,3
Douglas,40800,57
Dunn,38216,68
Eau Claire,45852,24
Florence,50884,7
Fond du Lac,46203,25
Forest,39608,61
Grant,41598,53
Green,49039,15
Green Lake,43894,39
Iowa,46211,27
Iron,48743,12
Jackson,43876,34
Jefferson,44085,36
Juneau,36478,71
Kenosha,44674,32
Kewaunee,45165,37
La Crosse,47816,18
Lafayette,41984,56
Langlade,42067,55
Lincoln,43826,43
Manitowoc,46174,29
Marathon,47965,17
Marinette,42214,52
Marquette,39504,64
Menominee,29065,72
Milwaukee,45338,30
Monroe,40214,60
Oconto,44284,45
Oneida,49310,11
Outagamie,49360,13
Ozaukee,79764,1
Pepin,46734,28
Pierce,44273,40
Polk,44972,35
Portage,44020,42
Price,44184,46
Racine,47419,20
Richland,41440,54
Rock,42189,50
Rusk,42647,51
St. Croix,53225,6
Sauk,46414,23
Sawyer,43696,41
Shawano,40847,59
Sheboygan,50722,9
Taylor,37910,69
Trempealeau,42695,49
Vernon,38791,66
Vilas,51640,8
Walworth,47760,19
Washburn,45460,31
Washington,55813,5
Waukesha,69085,2
Waupaca,43732,44
Waushara,39273,63
Winnebago,46131,26
Wood,44776,33
,,
Wyoming,56377,0
Albany,39627,21
Big Horn,35627,23
Campbell,49502,9
Carbon,53844,3
Converse,50044,6
Crook,43572,16
Fremont,41232,18
Goshen,41256,19
Hot Springs,49984,5
Johnson,48287,13
Laramie,49746,10
Lincoln,39981,20
Natrona,62751,2
Niobrara,46768,12
Park,51543,7
Platte,47044,14
Sheridan,54470,4
Sublette,49372,11
Sweetwater,50354,8
Teton,227753,1
Uinta,38154,22
Washakie,44930,15
Weston,42816,17